"# background genes","# genes","category","chart color","description","FDR value","genes","network.SUID","nodes.SUID","p-value","PMID","term name","transferred FDR value","year"
"1681","28","GO Cellular Component","","Mitochondrion","1.7E-19","GZMB|MMP2|SOX4|S1PR4|RAC2|ACSS2|BCL2A1|NRGN|DEPP1|LRRK2|ACSM1|SLIT3|TMEM71|BCO2|TGM2|NTSR1|IFIT3|FGR|HIF3A|MAOB|RSAD2|REEP1|LPIN1|CYP2E1|NR4A1|ADAP2|CYP2D6|UCP2","1074","1277|1310|1316|1361|1340|1352|1358|1286|1367|1265|1349|1304|1268|1307|1259|1364|1325|1283|1337|1331|1298|1295|1301|1262|1271|1313|1289|1343","8.32E-23","","GO:0005739","1.8769551078621727","0"
"1182","16","COMPARTMENTS","","Mitochondrion","2.71E-7","MMP2|SOX4|RAC2|ACSS2|DEPP1|LRRK2|ACSM1|SLIT3|BCO2|TGM2|IFIT3|MAOB|RSAD2|CYP2E1|CYP2D6|UCP2","1074","1310|1316|1340|1352|1367|1265|1349|1304|1307|1259|1325|1331|1298|1262|1289|1343","1.18E-10","","GOCC:0005739","0.6567030709125594","0"
"34","5","WikiPathways","","Photodynamic therapy-induced NF-kB survival signaling","7.51E-6","MMP2|IL1B|BCL2A1|MMP9|IL6","1074","1310|1292|1358|1319|1334","9.61E-9","","WP3617","0.5124360062995832","0"
"1181","14","UniProt Keywords","","Mitochondrion","9.09E-6","MMP2|DEPP1|LRRK2|ACSM1|BCO2|IFIT3|FGR|HIF3A|MAOB|RSAD2|REEP1|CYP2E1|NR4A1|UCP2","1074","1310|1367|1265|1349|1307|1325|1283|1337|1331|1298|1295|1262|1271|1343","1.35E-8","","KW-0496","0.5041436116778033","0"
"802","12","GO Cellular Component","","Mitochondrial envelope","1.64E-5","RAC2|BCL2A1|NRGN|LRRK2|FGR|MAOB|RSAD2|REEP1|LPIN1|CYP2E1|ADAP2|UCP2","1074","1340|1358|1286|1265|1283|1331|1298|1295|1301|1262|1313|1343","1.6E-8","","GO:0005740","0.4785156151952302","0"
"1262","14","GO Cellular Component","","Organelle envelope","2.12E-5","RAC2|BCL2A1|NRGN|LRRK2|FGR|MAOB|CYBB|RSAD2|REEP1|LPIN1|CYP2E1|NR4A1|ADAP2|UCP2","1074","1340|1358|1286|1265|1283|1331|1346|1298|1295|1301|1262|1271|1313|1343","3.1E-8","","GO:0031967","0.46736641390712486","0"
"115","6","WikiPathways","","Spinal cord injury","3.64E-5","IL1B|SLIT3|MMP9|ANXA1|IL6|NR4A1","1074","1292|1304|1319|1280|1334|1271","9.33E-8","","WP2431","0.44388986163509436","0"
"752","11","GO Cellular Component","","Mitochondrial membrane","3.74E-5","RAC2|BCL2A1|NRGN|LRRK2|FGR|MAOB|RSAD2|REEP1|LPIN1|CYP2E1|UCP2","1074","1340|1358|1286|1265|1283|1331|1298|1295|1301|1262|1343","9.14E-8","","GO:0031966","0.442712839779952","0"
"2355","19","GO Biological Process","","Response to external stimulus","7.87E-5","GZMB|MMP2|RAC2|IL1B|ALB|LRRK2|SLIT3|NTSR1|IFIT3|FGR|ANXA1|MAOB|CYBB|RSAD2|IL6|CASP1|CYP2E1|NR4A1|UCP2","1074","1277|1310|1340|1292|1328|1265|1304|1364|1325|1283|1280|1331|1346|1298|1334|1355|1262|1271|1343","6.38E-9","","GO:0009605","0.4104025267640935","0"
"1462","15","GO Biological Process","","Regulation of apoptotic process","7.87E-5","MMP2|SOX4|IL1B|BCL2A1|ALB|LRRK2|TGM2|NTSR1|IFIT3|MMP9|ANXA1|IL6|CASP1|NR4A1|UCP2","1074","1310|1316|1292|1358|1328|1265|1259|1364|1325|1319|1280|1334|1355|1271|1343","2.34E-8","","GO:0042981","0.4104025267640935","0"
"1547","16","GO Biological Process","","Response to oxygen-containing compound","7.87E-5","MMP2|SOX4|IL1B|LRRK2|SLIT3|TGM2|MMP9|ANXA1|MAOB|CYBB|IL6|LPIN1|CASP1|CYP2E1|NR4A1|UCP2","1074","1310|1316|1292|1265|1304|1259|1319|1280|1331|1346|1334|1301|1355|1262|1271|1343","5.76E-9","","GO:1901700","0.4104025267640935","0"
"564","11","GO Biological Process","","Regulation of secretion by cell","7.87E-5","SOX4|RAC2|IL1B|LRRK2|NTSR1|FGR|ANXA1|MAOB|RSAD2|IL6|UCP2","1074","1316|1340|1292|1265|1364|1283|1280|1331|1298|1334|1343","5.02E-9","","GO:1903530","0.4104025267640935","0"
"2609","19","GO Biological Process","","Cellular response to chemical stimulus","7.99E-5","MMP2|SOX4|IL1B|ALB|LRRK2|ACSM1|SLIT3|TGM2|IFIT3|MMP9|ANXA1|CYBB|IL6|LPIN1|CASP1|CYP2E1|NR4A1|CYP2D6|UCP2","1074","1310|1316|1292|1328|1265|1349|1304|1259|1325|1319|1280|1346|1334|1301|1355|1262|1271|1289|1343","3.46E-8","","GO:0070887","0.40974532206860087","0"
"1057","13","GO Biological Process","","Cellular response to oxygen-containing compound","7.99E-5","MMP2|SOX4|IL1B|LRRK2|TGM2|MMP9|ANXA1|CYBB|IL6|LPIN1|CASP1|NR4A1|UCP2","1074","1310|1316|1292|1265|1259|1319|1280|1346|1334|1301|1355|1271|1343","3.43E-8","","GO:1901701","0.40974532206860087","0"
"7835","31","GO Biological Process","","Response to stimulus","8.76E-5","GZMB|MMP2|SOX4|S1PR4|RAC2|IL1B|BCL2A1|NRGN|ALB|LRRK2|ACSM1|SLIT3|TGM2|NTSR1|IFIT3|MMP9|FGR|ANXA1|HIF3A|MAOB|CYBB|RSAD2|IL6|LPIN1|PERM1|CASP1|CYP2E1|NR4A1|ADAP2|CYP2D6|UCP2","1074","1277|1310|1316|1361|1340|1292|1358|1286|1328|1265|1349|1304|1259|1364|1325|1319|1283|1280|1337|1331|1346|1298|1334|1301|1322|1355|1262|1271|1313|1289|1343","5.02E-8","","GO:0050896","0.4057495893831919","0"
"12056","36","GO Cellular Component","","Cytoplasm","1.1E-4","GZMB|MMP2|SOX4|S1PR4|RAC2|ACSS2|IL1B|BCL2A1|NRGN|ALB|DEPP1|LRRK2|ACSM1|SLIT3|TMEM71|BCO2|TGM2|NTSR1|IFIT3|MMP9|FGR|ANXA1|HIF3A|MAOB|CYBB|RSAD2|IL6|REEP1|LPIN1|PERM1|CASP1|CYP2E1|NR4A1|ADAP2|CYP2D6|UCP2","1074","1277|1310|1316|1361|1340|1352|1292|1358|1286|1328|1367|1265|1349|1304|1268|1307|1259|1364|1325|1319|1283|1280|1337|1331|1346|1298|1334|1295|1301|1322|1355|1262|1271|1313|1289|1343","3.21E-7","","GO:0005737","0.3958607314841775","0"
"12149","36","GO Cellular Component","","Intracellular membrane-bounded organelle","1.2E-4","GZMB|MMP2|SOX4|S1PR4|RAC2|ACSS2|IL1B|BCL2A1|NRGN|ALB|DEPP1|LRRK2|ACSM1|SLIT3|TMEM71|BCO2|TGM2|NTSR1|IFIT3|MMP9|FGR|ANXA1|HIF3A|MAOB|CYBB|RSAD2|IL6|REEP1|LPIN1|PERM1|CASP1|CYP2E1|NR4A1|ADAP2|CYP2D6|UCP2","1074","1277|1310|1316|1361|1340|1352|1292|1358|1286|1328|1367|1265|1349|1304|1268|1307|1259|1364|1325|1319|1283|1280|1337|1331|1346|1298|1334|1295|1301|1322|1355|1262|1271|1313|1289|1343","4.19E-7","","GO:0043231","0.39208187539523753","0"
"271","7","WikiPathways","","IL-18 signaling pathway","1.5E-4","MMP2|S1PR4|IL1B|TGM2|MMP9|IL6|NR4A1","1074","1310|1361|1292|1259|1319|1334|1271","7.32E-7","","WP4754","0.38239087409443184","0"
"32","4","WikiPathways","","Prostaglandin signaling","1.5E-4","IL1B|MMP9|IL6|CASP1","1074","1292|1319|1334|1355","5.9E-7","","WP5088","0.38239087409443184","0"
"590","10","GO Biological Process","","Positive regulation of cell death","1.6E-4","MMP2|SOX4|LRRK2|TGM2|NTSR1|MMP9|ANXA1|IL6|NR4A1|UCP2","1074","1310|1316|1265|1259|1364|1319|1280|1334|1271|1343","1.04E-7","","GO:0010942","0.3795880017344075","0"
"963","12","GO Biological Process","","Response to organonitrogen compound","1.7E-4","MMP2|IL1B|LRRK2|TGM2|MMP9|ANXA1|CYBB|IL6|LPIN1|CYP2E1|NR4A1|UCP2","1074","1310|1292|1265|1259|1319|1280|1346|1334|1301|1262|1271|1343","1.16E-7","","GO:0010243","0.37695510786217257","0"
"1016","12","GO Biological Process","","Negative regulation of cell death","2.5E-4","SOX4|IL1B|BCL2A1|ALB|LRRK2|NTSR1|IFIT3|MMP9|ANXA1|IL6|NR4A1|UCP2","1074","1316|1292|1358|1328|1265|1364|1325|1319|1280|1334|1271|1343","2.06E-7","","GO:0060548","0.3602059991327963","0"
"827","11","GO Biological Process","","Response to lipid","2.6E-4","MMP2|IL1B|SLIT3|NTSR1|ANXA1|MAOB|CYBB|IL6|CASP1|NR4A1|UCP2","1074","1310|1292|1304|1364|1280|1331|1346|1334|1355|1271|1343","2.35E-7","","GO:0033993","0.35850266520291824","0"
"4010","22","GO Biological Process","","Response to chemical","2.6E-4","MMP2|SOX4|RAC2|IL1B|ALB|LRRK2|ACSM1|SLIT3|TGM2|NTSR1|IFIT3|MMP9|ANXA1|MAOB|CYBB|IL6|LPIN1|CASP1|CYP2E1|NR4A1|CYP2D6|UCP2","1074","1310|1316|1340|1292|1328|1265|1349|1304|1259|1364|1325|1319|1280|1331|1346|1334|1301|1355|1262|1271|1289|1343","2.36E-7","","GO:0042221","0.35850266520291824","0"
"1763","15","GO Biological Process","","Regulation of transport","2.7E-4","GZMB|SOX4|RAC2|IL1B|LRRK2|TGM2|NTSR1|MMP9|FGR|ANXA1|MAOB|CYBB|RSAD2|IL6|UCP2","1074","1277|1316|1340|1292|1265|1259|1364|1319|1283|1280|1331|1346|1298|1334|1343","2.72E-7","","GO:0051049","0.3568636235841013","0"
"2692","18","GO Biological Process","","Response to organic substance","3.2E-4","MMP2|SOX4|IL1B|LRRK2|SLIT3|TGM2|NTSR1|IFIT3|MMP9|ANXA1|MAOB|CYBB|IL6|LPIN1|CASP1|CYP2E1|NR4A1|UCP2","1074","1310|1316|1292|1265|1304|1259|1364|1325|1319|1280|1331|1346|1334|1301|1355|1262|1271|1343","3.68E-7","","GO:0010033","0.34948500216800943","0"
"519","9","GO Biological Process","","Positive regulation of programmed cell death","3.5E-4","MMP2|SOX4|LRRK2|TGM2|NTSR1|MMP9|ANXA1|IL6|NR4A1","1074","1310|1316|1265|1259|1364|1319|1280|1334|1271","4.18E-7","","GO:0043068","0.3455931955649724","0"
"532","9","GO Biological Process","","Response to inorganic substance","3.7E-4","MMP2|LRRK2|MMP9|ANXA1|MAOB|CYBB|IL6|CYP2E1|UCP2","1074","1310|1265|1319|1280|1331|1346|1334|1262|1343","5.13E-7","","GO:0010035","0.3431798275933005","0"
"891","11","GO Biological Process","","Negative regulation of apoptotic process","3.7E-4","IL1B|BCL2A1|ALB|LRRK2|NTSR1|IFIT3|MMP9|ANXA1|IL6|NR4A1|UCP2","1074","1292|1358|1328|1265|1364|1325|1319|1280|1334|1271|1343","4.9E-7","","GO:0043066","0.3431798275933005","0"
"6357","27","GO Biological Process","","Cellular response to stimulus","3.7E-4","GZMB|MMP2|SOX4|S1PR4|RAC2|IL1B|BCL2A1|NRGN|ALB|LRRK2|ACSM1|SLIT3|TGM2|NTSR1|IFIT3|MMP9|FGR|ANXA1|CYBB|IL6|LPIN1|CASP1|CYP2E1|NR4A1|ADAP2|CYP2D6|UCP2","1074","1277|1310|1316|1361|1340|1292|1358|1286|1328|1265|1349|1304|1259|1364|1325|1319|1283|1280|1346|1334|1301|1355|1262|1271|1313|1289|1343","4.77E-7","","GO:0051716","0.3431798275933005","0"
"34","4","GO Biological Process","","Regulation of neuroinflammatory response","4.8E-4","IL1B|LRRK2|MMP9|IL6","1074","1292|1265|1319|1334","7.37E-7","","GO:0150077","0.3318758762624413","0"
"169","6","GO Biological Process","","Response to reactive oxygen species","5.2E-4","MMP2|MMP9|ANXA1|IL6|CYP2E1|UCP2","1074","1310|1319|1280|1334|1262|1343","8.26E-7","","GO:0000302","0.3283996656365201","0"
"209","6","GO Cellular Component","","Mitochondrial outer membrane","7.0E-4","RAC2|BCL2A1|LRRK2|MAOB|RSAD2|LPIN1","1074","1340|1358|1265|1331|1298|1301","2.73E-6","","GO:0005741","0.3154901959985743","0"
"432","8","GO Biological Process","","Negative regulation of transport","7.6E-4","IL1B|LRRK2|NTSR1|MMP9|ANXA1|MAOB|RSAD2|UCP2","1074","1292|1265|1364|1319|1280|1331|1298|1343","1.25E-6","","GO:0051051","0.3119186407719209","0"
"1027","11","COMPARTMENTS","","Extracellular space","0.0011","MMP2|IL1B|ALB|LRRK2|ACSM1|SLIT3|TGM2|MMP9|ANXA1|IL6|CASP1","1074","1310|1292|1328|1265|1349|1304|1259|1319|1280|1334|1355","1.95E-6","","GOCC:0005615","0.2958607314841775","0"
"8195","30","COMPARTMENTS","","Cytoplasm","0.0011","GZMB|MMP2|SOX4|RAC2|ACSS2|IL1B|BCL2A1|ALB|DEPP1|LRRK2|ACSM1|SLIT3|BCO2|TGM2|IFIT3|MMP9|FGR|ANXA1|MAOB|CYBB|RSAD2|IL6|REEP1|LPIN1|CASP1|CYP2E1|NR4A1|ADAP2|CYP2D6|UCP2","1074","1277|1310|1316|1340|1352|1292|1358|1328|1367|1265|1349|1304|1307|1259|1325|1319|1283|1280|1331|1346|1298|1334|1295|1301|1355|1262|1271|1313|1289|1343","1.08E-6","","GOCC:0005737","0.2958607314841775","0"
"8162","30","COMPARTMENTS","","Intracellular membrane-bounded organelle","0.0011","GZMB|MMP2|SOX4|RAC2|ACSS2|IL1B|ALB|DEPP1|LRRK2|ACSM1|SLIT3|BCO2|TGM2|NTSR1|IFIT3|MMP9|ANXA1|HIF3A|MAOB|CYBB|RSAD2|IL6|REEP1|LPIN1|PERM1|CASP1|CYP2E1|NR4A1|CYP2D6|UCP2","1074","1277|1310|1316|1340|1352|1292|1328|1367|1265|1349|1304|1307|1259|1364|1325|1319|1280|1337|1331|1346|1298|1334|1295|1301|1322|1355|1262|1271|1289|1343","9.78E-7","","GOCC:0043231","0.2958607314841775","0"
"1505","13","GO Biological Process","","Positive regulation of multicellular organismal process","0.0011","SOX4|IL1B|LRRK2|TGM2|NTSR1|FGR|ANXA1|CYBB|RSAD2|IL6|LPIN1|CASP1|UCP2","1074","1316|1292|1265|1259|1364|1283|1280|1346|1298|1334|1301|1355|1343","1.93E-6","","GO:0051240","0.2958607314841775","0"
"9083","31","COMPARTMENTS","","Membrane-bounded organelle","0.0012","GZMB|MMP2|SOX4|RAC2|ACSS2|IL1B|ALB|DEPP1|LRRK2|ACSM1|SLIT3|BCO2|TGM2|NTSR1|IFIT3|MMP9|FGR|ANXA1|HIF3A|MAOB|CYBB|RSAD2|IL6|REEP1|LPIN1|PERM1|CASP1|CYP2E1|NR4A1|CYP2D6|UCP2","1074","1277|1310|1316|1340|1352|1292|1328|1367|1265|1349|1304|1307|1259|1364|1325|1319|1283|1280|1337|1331|1346|1298|1334|1295|1301|1322|1355|1262|1271|1289|1343","2.6E-6","","GOCC:0043227","0.29208187539523756","0"
"42","4","TISSUES","","Neutrophil","0.0012","RAC2|IL1B|MMP9|IL6","1074","1340|1292|1319|1334","1.61E-6","","BTO:0000130","0.29208187539523756","0"
"8","3","TISSUES","","Reticuloendothelial system","0.0012","IL1B|ALB|IL6","1074","1292|1328|1334","9.9E-7","","BTO:0001174","0.29208187539523756","0"
"6","3","TISSUES","","THP-1 cell","0.0012","IL1B|IL6|CASP1","1074","1292|1334|1355","5.06E-7","","BTO:0001370","0.29208187539523756","0"
"8","3","TISSUES","","Bone marrow-derived macrophage","0.0012","IL1B|IL6|CASP1","1074","1292|1334|1355","9.9E-7","","BTO:0004732","0.29208187539523756","0"
"63","4","WikiPathways","","Lung fibrosis","0.0012","MMP2|IL1B|MMP9|IL6","1074","1310|1292|1319|1334","7.36E-6","","WP3624","0.29208187539523756","0"
"13","3","COMPARTMENTS","","IgA immunoglobulin complex","0.0013","ALB|TGM2|IL6","1074","1328|1259|1334","3.34E-6","","GOCC:0071745","0.2886056647693163","0"
"12","3","TISSUES","","Capillary","0.0013","IL1B|ALB|IL6","1074","1292|1328|1334","2.72E-6","","BTO:0002045","0.2886056647693163","0"
"13","3","TISSUES","","Hepatocyte","0.0014","ALB|IL6|CYP2E1","1074","1328|1334|1262","3.34E-6","","BTO:0000575","0.2853871964321762","0"
"482","8","GO Biological Process","","Positive regulation of cytokine production","0.0015","IL1B|LRRK2|FGR|ANXA1|CYBB|RSAD2|IL6|CASP1","1074","1292|1265|1283|1280|1346|1298|1334|1355","2.79E-6","","GO:0001819","0.28239087409443187","0"
"15","3","TISSUES","","Peritoneum","0.0015","IL1B|ALB|IL6","1074","1292|1328|1334","4.85E-6","","BTO:0001472","0.28239087409443187","0"
"135","5","TISSUES","","Phagocyte","0.0016","RAC2|IL1B|ALB|MMP9|IL6","1074","1340|1292|1328|1319|1334","6.07E-6","","BTO:0001044","0.2795880017344075","0"
"16","3","TISSUES","","Macrophage cell line","0.0016","IL1B|IL6|CASP1","1074","1292|1334|1355","5.76E-6","","BTO:0002278","0.2795880017344075","0"
"5","3","DISEASES","","Pulmonary edema","0.0016","IL1B|ALB|IL6","1074","1292|1328|1334","3.37E-7","","DOID:11396","0.2795880017344075","0"
"5","3","DISEASES","","Peritonitis","0.0016","IL1B|ALB|IL6","1074","1292|1328|1334","3.37E-7","","DOID:8283","0.2795880017344075","0"
"1328","12","GO Biological Process","","Response to other organism","0.0018","GZMB|IL1B|IFIT3|FGR|ANXA1|MAOB|CYBB|RSAD2|IL6|CASP1|CYP2E1|NR4A1","1074","1277|1292|1325|1283|1280|1331|1346|1298|1334|1355|1262|1271","3.44E-6","","GO:0051707","0.2744727494896694","0"
"507","8","GO Biological Process","","Positive regulation of apoptotic process","0.0019","MMP2|SOX4|TGM2|NTSR1|MMP9|ANXA1|IL6|NR4A1","1074","1310|1316|1259|1364|1319|1280|1334|1271","4.04E-6","","GO:0043065","0.27212463990471714","0"
"503","8","GO Biological Process","","Regulation of protein transport","0.0019","GZMB|SOX4|RAC2|IL1B|LRRK2|RSAD2|IL6|UCP2","1074","1277|1316|1340|1292|1265|1298|1334|1343","3.81E-6","","GO:0051223","0.27212463990471714","0"
"15","3","GO Biological Process","","Positive regulation of neuroinflammatory response","0.0022","IL1B|LRRK2|IL6","1074","1292|1265|1334","4.85E-6","","GO:0150078","0.2657577319177794","0"
"368","7","GO Biological Process","","Response to oxidative stress","0.0023","MMP2|LRRK2|MMP9|ANXA1|IL6|CYP2E1|UCP2","1074","1310|1265|1319|1280|1334|1262|1343","5.33E-6","","GO:0006979","0.2638272163982407","0"
"371","7","GO Biological Process","","Regulation of inflammatory response","0.0023","IL1B|LRRK2|MMP9|FGR|ANXA1|IL6|CASP1","1074","1292|1265|1319|1283|1280|1334|1355","5.61E-6","","GO:0050727","0.2638272163982407","0"
"21","3","TISSUES","","Adult","0.0024","IL1B|ALB|IL6","1074","1292|1328|1334","1.19E-5","","BTO:0001043","0.2619788758288394","0"
"11512","34","COMPARTMENTS","","Intracellular","0.0025","GZMB|MMP2|SOX4|RAC2|ACSS2|IL1B|BCL2A1|NRGN|ALB|DEPP1|LRRK2|ACSM1|SLIT3|BCO2|TGM2|NTSR1|IFIT3|MMP9|FGR|ANXA1|HIF3A|MAOB|CYBB|RSAD2|IL6|REEP1|LPIN1|PERM1|CASP1|CYP2E1|NR4A1|ADAP2|CYP2D6|UCP2","1074","1277|1310|1316|1340|1352|1292|1358|1286|1328|1367|1265|1349|1304|1307|1259|1364|1325|1319|1283|1280|1337|1331|1346|1298|1334|1295|1301|1322|1355|1262|1271|1313|1289|1343","7.5E-6","","GOCC:0005622","0.26020599913279624","0"
"259","6","COMPARTMENTS","","External encapsulating structure","0.0026","MMP2|IL1B|ALB|TGM2|MMP9|IL6","1074","1310|1292|1328|1259|1319|1334","9.08E-6","","GOCC:0030312","0.2585026652029182","0"
"10","3","DISEASES","","Gingival disease","0.0026","IL1B|BCL2A1|IL6","1074","1292|1358|1334","1.71E-6","","DOID:1483","0.2585026652029182","0"
"9609","31","COMPARTMENTS","","Intracellular organelle","0.0027","GZMB|MMP2|SOX4|RAC2|ACSS2|IL1B|ALB|DEPP1|LRRK2|ACSM1|SLIT3|BCO2|TGM2|NTSR1|IFIT3|MMP9|FGR|ANXA1|HIF3A|MAOB|CYBB|RSAD2|IL6|REEP1|LPIN1|PERM1|CASP1|CYP2E1|NR4A1|CYP2D6|UCP2","1074","1277|1310|1316|1340|1352|1292|1328|1367|1265|1349|1304|1307|1259|1364|1325|1319|1283|1280|1337|1331|1346|1298|1334|1295|1301|1322|1355|1262|1271|1289|1343","1.12E-5","","GOCC:0043229","0.25686362358410125","0"
"20","3","COMPARTMENTS","","Inflammasome complex","0.0027","IL1B|IL6|CASP1","1074","1292|1334|1355","1.05E-5","","GOCC:0061702","0.25686362358410125","0"
"3654","19","GO Biological Process","","Regulation of biological quality","0.0028","GZMB|MMP2|SOX4|S1PR4|IL1B|NRGN|ALB|LRRK2|ACSM1|BCO2|TGM2|NTSR1|ANXA1|MAOB|IL6|LPIN1|NR4A1|CYP2D6|UCP2","1074","1277|1310|1316|1361|1292|1286|1328|1265|1349|1307|1259|1364|1280|1331|1334|1301|1271|1289|1343","7.08E-6","","GO:0065008","0.2552841968657781","0"
"141","5","GO Biological Process","","Negative regulation of secretion by cell","0.0029","IL1B|ANXA1|MAOB|RSAD2|UCP2","1074","1292|1280|1331|1298|1343","7.45E-6","","GO:1903531","0.25376020021010437","0"
"18","3","GO Biological Process","","Cytokine production","0.003","IL1B|IL6|CASP1","1074","1292|1334|1355","7.88E-6","","GO:0001816","0.25228787452803375","0"
"85","4","WikiPathways","","Acute viral myocarditis","0.003","RAC2|MMP9|IL6|CASP1","1074","1340|1319|1334|1355","2.28E-5","","WP4298","0.25228787452803375","0"
"2019","14","GO Biological Process","","Cellular response to organic substance","0.0033","MMP2|SOX4|IL1B|LRRK2|SLIT3|TGM2|IFIT3|ANXA1|CYBB|IL6|LPIN1|CASP1|NR4A1|UCP2","1074","1310|1316|1292|1265|1304|1259|1325|1280|1346|1334|1301|1355|1271|1343","8.93E-6","","GO:0071310","0.24814860601221125","0"
"762","9","GO Biological Process","","Response to hormone","0.0034","MMP2|SLIT3|ANXA1|MAOB|CYBB|IL6|LPIN1|NR4A1|UCP2","1074","1310|1304|1280|1331|1346|1334|1301|1271|1343","9.4E-6","","GO:0009725","0.2468521082957745","0"
"264","6","GO Biological Process","","Positive regulation of immune effector process","0.0036","RAC2|IL1B|FGR|ANXA1|RSAD2|IL6","1074","1340|1292|1283|1280|1298|1334","1.01E-5","","GO:0002699","0.24436974992327126","0"
"2","2","TISSUES","","Dental plaque","0.0038","IL1B|IL6","1074","1292|1334","2.05E-5","","BTO:0000338","0.242021640338319","0"
"2","2","TISSUES","","J-774A.1 cell","0.0038","IL1B|CASP1","1074","1292|1355","2.05E-5","","BTO:0000804","0.242021640338319","0"
"216","6","DISEASES","","Intestinal disease","0.0038","IL1B|ALB|LRRK2|TGM2|MMP9|IL6","1074","1292|1328|1265|1259|1319|1334","3.29E-6","","DOID:5295","0.242021640338319","0"
"154","5","GO Biological Process","","Regeneration","0.0039","MMP2|ANXA1|IL6|LPIN1|UCP2","1074","1310|1280|1334|1301|1343","1.13E-5","","GO:0031099","0.24089353929735008","0"
"25","3","COMPARTMENTS","","Cell wall","0.004","IL1B|ALB|IL6","1074","1292|1328|1334","1.92E-5","","GOCC:0005618","0.23979400086720376","0"
"272","6","GO Biological Process","","Cellular response to chemical stress","0.004","MMP2|LRRK2|MMP9|ANXA1|IL6|CASP1","1074","1310|1265|1319|1280|1334|1355","1.19E-5","","GO:0062197","0.23979400086720376","0"
"422","7","GO Biological Process","","Response to xenobiotic stimulus","0.0042","MMP2|IL1B|ACSM1|MAOB|CYBB|CYP2E1|CYP2D6","1074","1310|1292|1349|1331|1346|1262|1289","1.28E-5","","GO:0009410","0.23767507096020996","0"
"2749","16","GO Biological Process","","Regulation of multicellular organismal process","0.0046","MMP2|SOX4|IL1B|LRRK2|TGM2|NTSR1|MMP9|FGR|ANXA1|CYBB|RSAD2|IL6|LPIN1|CASP1|NR4A1|UCP2","1074","1310|1316|1292|1265|1259|1364|1319|1283|1280|1346|1298|1334|1301|1355|1271|1343","1.45E-5","","GO:0051239","0.2337242168318426","0"
"107","5","Reactome Pathways","","Interleukin-4 and Interleukin-13 signaling","0.0046","MMP2|IL1B|MMP9|ANXA1|IL6","1074","1310|1292|1319|1280|1334","2.03E-6","","HSA-6785807","0.2337242168318426","0"
"130","5","DISEASES","","Artery disease","0.0047","IL1B|ALB|MMP9|RSAD2|IL6","1074","1292|1328|1319|1298|1334","5.08E-6","","DOID:0050828","0.23279021420642826","0"
"100","4","WikiPathways","","Burn wound healing","0.0047","MMP2|IL1B|MMP9|IL6","1074","1310|1292|1319|1334","4.2E-5","","WP5055","0.23279021420642826","0"
"437","7","GO Biological Process","","Response to peptide","0.0049","MMP2|MMP9|ANXA1|CYBB|LPIN1|NR4A1|UCP2","1074","1310|1319|1280|1346|1301|1271|1343","1.6E-5","","GO:1901652","0.23098039199714862","0"
"167","5","GO Biological Process","","Response to corticosteroid","0.005","SLIT3|ANXA1|MAOB|CYBB|IL6","1074","1304|1280|1331|1346|1334","1.65E-5","","GO:0031960","0.23010299956639813","0"
"3867","19","GO Biological Process","","System development","0.005","MMP2|SOX4|RAC2|IL1B|NRGN|LRRK2|CEND1|SLIT3|TGM2|MMP9|FGR|ANXA1|HIF3A|MAOB|RSAD2|IL6|NR4A1|ADAP2|UCP2","1074","1310|1316|1340|1292|1286|1265|1274|1304|1259|1319|1283|1280|1337|1331|1298|1334|1271|1313|1343","1.66E-5","","GO:0048731","0.23010299956639813","0"
"3","2","TISSUES","","Blood serum","0.0055","ALB|IL6","1074","1328|1334","3.41E-5","","BTO:0000133","0.22596373105057563","0"
"3","2","TISSUES","","Peritoneal fluid","0.0055","IL1B|IL6","1074","1292|1334","3.41E-5","","BTO:0001031","0.22596373105057563","0"
"3","2","TISSUES","","Parenchymal cell","0.0055","ALB|IL6","1074","1328|1334","3.41E-5","","BTO:0002174","0.22596373105057563","0"
"3","2","TISSUES","","Rheumatoid arthritis disease specific fibroblast-like synoviocyte","0.0055","IL1B|IL6","1074","1292|1334","3.41E-5","","BTO:0003703","0.22596373105057563","0"
"3","2","TISSUES","","Gingival fibroblast","0.0055","IL1B|IL6","1074","1292|1334","3.41E-5","","BTO:0004138","0.22596373105057563","0"
"576","8","DISEASES","","Gastrointestinal system disease","0.0058","IL1B|BCL2A1|ALB|LRRK2|TGM2|MMP9|IL6|CYP2E1","1074","1292|1358|1328|1265|1259|1319|1334|1262","1.01E-5","","DOID:77","0.22365720064370626","0"
"38","3","WikiPathways","","Immune infiltration in pancreatic cancer","0.006","IL1B|MMP9|IL6","1074","1292|1319|1334","6.16E-5","","WP5285","0.2221848749616356","0"
"26","3","GO Biological Process","","Positive regulation of T cell cytokine production","0.0061","IL1B|RSAD2|IL6","1074","1292|1298|1334","2.14E-5","","GO:0002726","0.22146701649892328","0"
"4736","21","GO Biological Process","","Negative regulation of cellular process","0.0061","GZMB|MMP2|SOX4|IL1B|BCL2A1|ALB|LRRK2|CEND1|SLIT3|NTSR1|IFIT3|MMP9|FGR|ANXA1|MAOB|RSAD2|IL6|LPIN1|NR4A1|CYP2D6|UCP2","1074","1277|1310|1316|1292|1358|1328|1265|1274|1304|1364|1325|1319|1283|1280|1331|1298|1334|1301|1271|1289|1343","2.08E-5","","GO:0048523","0.22146701649892328","0"
"21","3","DISEASES","","Atherosclerosis","0.0061","IL1B|RSAD2|IL6","1074","1292|1298|1334","1.19E-5","","DOID:1936","0.22146701649892328","0"
"113","4","TISSUES","","Abdomen","0.0062","IL1B|ALB|ANXA1|IL6","1074","1292|1328|1280|1334","6.66E-5","","BTO:0000020","0.2207608310501746","0"
"5","2","TISSUES","","Kupffer cell","0.0062","IL1B|IL6","1074","1292|1334","7.14E-5","","BTO:0000685","0.2207608310501746","0"
"4","2","TISSUES","","HT-1080 cell","0.0062","MMP2|MMP9","1074","1310|1319","5.11E-5","","BTO:0001282","0.2207608310501746","0"
"5","2","TISSUES","","Synovial fibroblast","0.0062","IL1B|IL6","1074","1292|1334","7.14E-5","","BTO:0001336","0.2207608310501746","0"
"4","2","TISSUES","","Neonate","0.0062","ALB|IL6","1074","1328|1334","5.11E-5","","BTO:0001762","0.2207608310501746","0"
"4","2","TISSUES","","Biofilm","0.0062","IL1B|IL6","1074","1292|1334","5.11E-5","","BTO:0002690","0.2207608310501746","0"
"5","2","TISSUES","","BV-2 cell","0.0062","IL1B|IL6","1074","1292|1334","7.14E-5","","BTO:0003350","0.2207608310501746","0"
"4","2","TISSUES","","Gingival fluid","0.0062","IL1B|IL6","1074","1292|1334","5.11E-5","","BTO:0003364","0.2207608310501746","0"
"5","2","TISSUES","","Lung epithelial cell","0.0062","IL1B|IL6","1074","1292|1334","7.14E-5","","BTO:0004299","0.2207608310501746","0"
"4","2","TISSUES","","Alveolar epithelial cell","0.0062","IL1B|IL6","1074","1292|1334","5.11E-5","","BTO:0005760","0.2207608310501746","0"
"4","2","TISSUES","","Blood-brain barrier","0.0062","IL1B|IL6","1074","1292|1334","5.11E-5","","BTO:0006244","0.2207608310501746","0"
"6","2","TISSUES","","Peritoneal macrophage","0.0066","IL1B|IL6","1074","1292|1334","9.51E-5","","BTO:0001034","0.2180456064458131","0"
"24","3","DISEASES","","Pneumonia","0.0066","IL1B|ALB|IL6","1074","1292|1328|1334","1.72E-5","","DOID:552","0.2180456064458131","0"
"25","3","DISEASES","","Type 2 diabetes mellitus","0.0068","IL1B|ALB|IL6","1074","1292|1328|1334","1.92E-5","","DOID:9352","0.2167491087293764","0"
"861","9","GO Biological Process","","Response to organic cyclic compound","0.0069","MMP2|IL1B|LRRK2|SLIT3|TGM2|ANXA1|MAOB|CYBB|IL6","1074","1310|1292|1265|1304|1259|1280|1331|1346|1334","2.46E-5","","GO:0014070","0.21611509092627448","0"
"2881","15","TISSUES","","Digestive gland","0.0075","GZMB|ACSS2|IL1B|BCL2A1|ALB|DEPP1|BCO2|TGM2|ANXA1|HIF3A|MAOB|CYBB|IL6|CYP2E1|CYP2D6","1074","1277|1352|1292|1358|1328|1367|1307|1259|1280|1337|1331|1346|1334|1262|1289","1.1E-4","","BTO:0000345","0.21249387366083","0"
"1107","10","GO Biological Process","","Response to abiotic stimulus","0.0076","MMP2|IL1B|NTSR1|MMP9|ANXA1|HIF3A|CYBB|CASP1|NR4A1|UCP2","1074","1310|1292|1364|1319|1280|1337|1346|1355|1271|1343","2.77E-5","","GO:0009628","0.21191864077192085","0"
"1363","11","GO Biological Process","","Response to endogenous stimulus","0.0076","MMP2|LRRK2|SLIT3|TGM2|ANXA1|MAOB|CYBB|IL6|LPIN1|NR4A1|UCP2","1074","1310|1265|1304|1259|1280|1331|1346|1334|1301|1271|1343","2.83E-5","","GO:0009719","0.21191864077192085","0"
"3246","17","GO Biological Process","","Animal organ development","0.0076","MMP2|SOX4|NRGN|LRRK2|CEND1|SLIT3|TGM2|MMP9|FGR|ANXA1|MAOB|RSAD2|IL6|LPIN1|NR4A1|ADAP2|UCP2","1074","1310|1316|1286|1265|1274|1304|1259|1319|1283|1280|1331|1298|1334|1301|1271|1313|1343","2.75E-5","","GO:0048513","0.21191864077192085","0"
"7","2","TISSUES","","Bronchoalveolar lavage fluid","0.0078","IL1B|IL6","1074","1292|1334","1.2E-4","","BTO:0000155","0.21079053973095196","0"
"8","2","TISSUES","","Alveolar macrophage","0.0078","IL1B|IL6","1074","1292|1334","1.5E-4","","BTO:0000802","0.21079053973095196","0"
"7","2","TISSUES","","Juvenile","0.0078","ALB|IL6","1074","1328|1334","1.2E-4","","BTO:0002168","0.21079053973095196","0"
"52","3","TISSUES","","Hindlimb","0.0078","IL1B|ALB|IL6","1074","1292|1328|1334","1.5E-4","","BTO:0002345","0.21079053973095196","0"
"8","2","TISSUES","","RAW-264.7 cell","0.0078","IL1B|IL6","1074","1292|1334","1.5E-4","","BTO:0003292","0.21079053973095196","0"
"7","2","TISSUES","","Knee","0.0078","IL1B|IL6","1074","1292|1334","1.2E-4","","BTO:0003595","0.21079053973095196","0"
"7","2","TISSUES","","Intestinal epithelial cell","0.0078","IL1B|IL6","1074","1292|1334","1.2E-4","","BTO:0005937","0.21079053973095196","0"
"7","2","TISSUES","","Venous blood","0.0078","ALB|IL6","1074","1328|1334","1.2E-4","","BTO:0006187","0.21079053973095196","0"
"1118","10","GO Biological Process","","Cell death","0.0079","GZMB|IL1B|BCL2A1|LRRK2|SLIT3|MMP9|HIF3A|IL6|CASP1|NR4A1","1074","1277|1292|1358|1265|1304|1319|1337|1334|1355|1271","3.02E-5","","GO:0008219","0.21023729087095586","0"
"1669","12","GO Biological Process","","Regulation of cell population proliferation","0.0089","MMP2|SOX4|RAC2|IL1B|LRRK2|CEND1|SLIT3|IFIT3|MMP9|ANXA1|IL6|NR4A1","1074","1310|1316|1340|1292|1265|1274|1304|1325|1319|1280|1334|1271","3.45E-5","","GO:0042127","0.20506099933550873","0"
"9","2","TISSUES","","M1 macrophage","0.009","IL1B|IL6","1074","1292|1334","1.9E-4","","BTO:0006110","0.2045757490560675","0"
"1146","10","GO Biological Process","","Positive regulation of gene expression","0.0094","SOX4|IL1B|LRRK2|NTSR1|FGR|ANXA1|CYBB|RSAD2|IL6|CASP1","1074","1316|1292|1265|1364|1283|1280|1346|1298|1334|1355","3.72E-5","","GO:0010628","0.20268721464003012","0"
"33","3","GO Biological Process","","Regulation of type 2 immune response","0.0103","ANXA1|RSAD2|IL6","1074","1280|1298|1334","4.15E-5","","GO:0002828","0.1987162775294828","0"
"30","3","DISEASES","","Ischemia","0.0104","IL1B|ALB|IL6","1074","1292|1328|1334","3.18E-5","","DOID:326","0.19829666607012197","0"
"3358","17","GO Biological Process","","Response to stress","0.0106","GZMB|MMP2|IL1B|BCL2A1|ALB|LRRK2|IFIT3|MMP9|FGR|ANXA1|HIF3A|CYBB|RSAD2|IL6|CASP1|CYP2E1|UCP2","1074","1277|1310|1292|1358|1328|1265|1325|1319|1283|1280|1337|1346|1298|1334|1355|1262|1343","4.32E-5","","GO:0006950","0.19746941347352298","0"
"50","3","WikiPathways","","Vitamin B12 metabolism","0.0106","IL1B|ALB|IL6","1074","1292|1328|1334","1.3E-4","","WP1533","0.19746941347352298","0"
"7","2","WikiPathways","","Nanomaterial-induced inflammasome activation","0.0106","IL1B|CASP1","1074","1292|1355","1.2E-4","","WP3890","0.19746941347352298","0"
"7","2","WikiPathways","","Activation of NLRP3 inflammasome by SARS-CoV-2","0.0106","IL1B|CASP1","1074","1292|1355","1.2E-4","","WP4876","0.19746941347352298","0"
"2079","13","COMPARTMENTS","","Extracellular region","0.0112","GZMB|MMP2|RAC2|IL1B|ALB|LRRK2|ACSM1|SLIT3|TGM2|MMP9|ANXA1|IL6|CASP1","1074","1277|1310|1340|1292|1328|1265|1349|1304|1259|1319|1280|1334|1355","6.31E-5","","GOCC:0005576","0.19507819773298182","0"
"11","2","TISSUES","","Fiber","0.0121","ALB|IL6","1074","1328|1334","2.6E-4","","BTO:0000450","0.191721462968355","0"
"64","3","KEGG Pathways","","Drug metabolism - cytochrome P450","0.0121","MAOB|CYP2E1|CYP2D6","1074","1331|1262|1289","2.7E-4","","hsa00982","0.191721462968355","0"
"173","4","KEGG Pathways","","NOD-like receptor signaling pathway","0.0121","IL1B|CYBB|IL6|CASP1","1074","1292|1346|1334|1355","3.3E-4","","hsa04621","0.191721462968355","0"
"62","3","KEGG Pathways","","Cytosolic DNA-sensing pathway","0.0121","IL1B|IL6|CASP1","1074","1292|1334|1355","2.4E-4","","hsa04623","0.191721462968355","0"
"111","4","KEGG Pathways","","Leukocyte transendothelial migration","0.0121","MMP2|RAC2|MMP9|CYBB","1074","1310|1340|1319|1346","6.23E-5","","hsa04670","0.191721462968355","0"
"96","4","KEGG Pathways","","AGE-RAGE signaling pathway in diabetic complications","0.0121","MMP2|IL1B|CYBB|IL6","1074","1310|1292|1346|1334","3.6E-5","","hsa04933","0.191721462968355","0"
"73","3","KEGG Pathways","","Pertussis","0.0121","IL1B|IL6|CASP1","1074","1292|1334|1355","3.9E-4","","hsa05133","0.191721462968355","0"
"55","3","KEGG Pathways","","Legionellosis","0.0121","IL1B|IL6|CASP1","1074","1292|1334|1355","1.7E-4","","hsa05134","0.191721462968355","0"
"124","4","KEGG Pathways","","Yersinia infection","0.0121","RAC2|IL1B|IL6|CASP1","1074","1340|1292|1334|1355","9.44E-5","","hsa05135","0.191721462968355","0"
"163","4","KEGG Pathways","","Influenza A","0.0121","IL1B|RSAD2|IL6|CASP1","1074","1292|1298|1334|1355","2.6E-4","","hsa05164","0.191721462968355","0"
"171","4","KEGG Pathways","","Transcriptional misregulation in cancer","0.0121","GZMB|BCL2A1|MMP9|IL6","1074","1277|1358|1319|1334","3.1E-4","","hsa05202","0.191721462968355","0"
"36","3","KEGG Pathways","","Graft-versus-host disease","0.0121","GZMB|IL1B|IL6","1074","1277|1292|1334","5.29E-5","","hsa05332","0.191721462968355","0"
"129","4","KEGG Pathways","","Fluid shear stress and atherosclerosis","0.0121","MMP2|RAC2|IL1B|MMP9","1074","1310|1340|1292|1319","1.1E-4","","hsa05418","0.191721462968355","0"
"525","7","GO Biological Process","","Regulation of hormone levels","0.0122","SOX4|IL1B|BCO2|ANXA1|IL6|CYP2D6|UCP2","1074","1316|1292|1307|1280|1334|1289|1343","5.07E-5","","GO:0010817","0.1913640169325252","0"
"529","7","GO Biological Process","","Positive regulation of cell migration","0.0126","MMP2|RAC2|IL1B|MMP9|FGR|ANXA1|IL6","1074","1310|1340|1292|1319|1283|1280|1334","5.32E-5","","GO:0030335","0.18996294548824372","0"
"224","5","GO Biological Process","","Cellular response to oxidative stress","0.0145","MMP2|LRRK2|MMP9|ANXA1|IL6","1074","1310|1265|1319|1280|1334","6.48E-5","","GO:0034599","0.1838631997765025","0"
"2125","12","TISSUES","","Liver","0.0146","ACSS2|IL1B|BCL2A1|ALB|BCO2|TGM2|ANXA1|MAOB|CYBB|IL6|CYP2E1|CYP2D6","1074","1352|1292|1358|1328|1307|1259|1280|1331|1346|1334|1262|1289","3.5E-4","","BTO:0000759","0.18356471442155628","0"
"4","2","DISEASES","","Chorioamnionitis","0.0156","IL1B|IL6","1074","1292|1334","5.11E-5","","DOID:0050697","0.18068754016455385","0"
"4","2","DISEASES","","Muckle-Wells syndrome","0.0156","IL1B|CASP1","1074","1292|1355","5.11E-5","","DOID:0050854","0.18068754016455385","0"
"4","2","DISEASES","","Gingivitis","0.0156","IL1B|IL6","1074","1292|1334","5.11E-5","","DOID:3087","0.18068754016455385","0"
"4","2","DISEASES","","Cerebral infarction","0.0156","IL1B|IL6","1074","1292|1334","5.11E-5","","DOID:3526","0.18068754016455385","0"
"989","9","GO Biological Process","","Defense response to other organism","0.0158","GZMB|IL1B|IFIT3|FGR|ANXA1|CYBB|RSAD2|IL6|CASP1","1074","1277|1292|1325|1283|1280|1346|1298|1334|1355","7.19E-5","","GO:0098542","0.18013429130455774","0"
"384","6","GO Biological Process","","Positive regulation of leukocyte activation","0.0164","SOX4|IL1B|LRRK2|FGR|ANXA1|IL6","1074","1316|1292|1265|1283|1280|1334","7.93E-5","","GO:0002696","0.1785156151952302","0"
"5165","21","GO Biological Process","","Cell communication","0.0164","GZMB|MMP2|S1PR4|RAC2|IL1B|BCL2A1|NRGN|ALB|LRRK2|SLIT3|TGM2|NTSR1|MMP9|FGR|ANXA1|CYBB|IL6|CASP1|NR4A1|ADAP2|UCP2","1074","1277|1310|1361|1340|1292|1358|1286|1328|1265|1304|1259|1364|1319|1283|1280|1346|1334|1355|1271|1313|1343","8.34E-5","","GO:0007154","0.1785156151952302","0"
"42","3","GO Biological Process","","Embryo implantation","0.0164","MMP2|IL1B|MMP9","1074","1310|1292|1319","8.15E-5","","GO:0007566","0.1785156151952302","0"
"41","3","GO Biological Process","","Endocrine pancreas development","0.0164","SOX4|ANXA1|IL6","1074","1316|1280|1334","7.62E-5","","GO:0031018","0.1785156151952302","0"
"118","4","GO Biological Process","","Cellular response to reactive oxygen species","0.0164","MMP2|MMP9|ANXA1|IL6","1074","1310|1319|1280|1334","7.84E-5","","GO:0034614","0.1785156151952302","0"
"11025","32","GO Biological Process","","Regulation of cellular process","0.0164","GZMB|MMP2|SOX4|S1PR4|RAC2|IL1B|BCL2A1|NRGN|ALB|DEPP1|LRRK2|CEND1|SLIT3|BCO2|TGM2|NTSR1|IFIT3|MMP9|FGR|ANXA1|HIF3A|MAOB|CYBB|RSAD2|IL6|LPIN1|PERM1|CASP1|NR4A1|ADAP2|CYP2D6|UCP2","1074","1277|1310|1316|1361|1340|1292|1358|1286|1328|1367|1265|1274|1304|1307|1259|1364|1325|1319|1283|1280|1337|1331|1346|1298|1334|1301|1322|1355|1271|1313|1289|1343","7.7E-5","","GO:0050794","0.1785156151952302","0"
"119","4","GO Biological Process","","Negative regulation of protein transport","0.0164","IL1B|LRRK2|RSAD2|UCP2","1074","1292|1265|1298|1343","8.09E-5","","GO:0051224","0.1785156151952302","0"
"1011","9","GO Biological Process","","Regulation of hydrolase activity","0.0164","S1PR4|LRRK2|TGM2|MMP9|ANXA1|LPIN1|CASP1|NR4A1|ADAP2","1074","1361|1265|1259|1319|1280|1301|1355|1271|1313","8.51E-5","","GO:0051336","0.1785156151952302","0"
"5","2","DISEASES","","Brain edema","0.0164","IL1B|MMP9","1074","1292|1319","7.14E-5","","DOID:4724","0.1785156151952302","0"
"239","5","GO Biological Process","","Regulation of leukocyte mediated immunity","0.0165","RAC2|IL1B|FGR|RSAD2|IL6","1074","1340|1292|1283|1298|1334","8.75E-5","","GO:0002703","0.17825160557860936","0"
"239","5","GO Biological Process","","Regulation of hormone secretion","0.0165","SOX4|IL1B|ANXA1|IL6|UCP2","1074","1316|1292|1280|1334|1343","8.75E-5","","GO:0046883","0.17825160557860936","0"
"574","7","GO Biological Process","","Cellular response to organonitrogen compound","0.0165","MMP2|LRRK2|TGM2|CYBB|LPIN1|NR4A1|UCP2","1074","1310|1265|1259|1346|1301|1271|1343","8.82E-5","","GO:0071417","0.17825160557860936","0"
"14","2","TISSUES","","Mast cell","0.0166","IL1B|IL6","1074","1292|1334","4.0E-4","","BTO:0000830","0.1779891911959945","0"
"14","2","TISSUES","","Inflammatory cell","0.0166","IL1B|IL6","1074","1292|1334","4.0E-4","","BTO:0003861","0.1779891911959945","0"
"44","3","GO Biological Process","","Apoptotic cell clearance","0.0167","RAC2|TGM2|ANXA1","1074","1340|1259|1280","9.29E-5","","GO:0043277","0.17772835288524166","0"
"6","2","GO Biological Process","","Monoterpenoid metabolic process","0.0169","CYP2E1|CYP2D6","1074","1262|1289","9.51E-5","","GO:0016098","0.17721132953863267","0"
"15","2","TISSUES","","Microglia","0.0179","IL1B|IL6","1074","1292|1334","4.6E-4","","BTO:0000078","0.1747146969020107","0"
"15","2","TISSUES","","Fetal membrane","0.0179","IL1B|IL6","1074","1292|1334","4.6E-4","","BTO:0000473","0.1747146969020107","0"
"1572","11","GO Biological Process","","Cellular response to stress","0.018","MMP2|IL1B|BCL2A1|ALB|LRRK2|MMP9|ANXA1|CYBB|IL6|CASP1|UCP2","1074","1310|1292|1358|1328|1265|1319|1280|1346|1334|1355|1343","1.0E-4","","GO:0033554","0.1744727494896694","0"
"1041","9","GO Biological Process","","Apoptotic process","0.0183","GZMB|IL1B|BCL2A1|SLIT3|MMP9|HIF3A|IL6|CASP1|NR4A1","1074","1277|1292|1358|1304|1319|1337|1334|1355|1271","1.1E-4","","GO:0006915","0.17375489102695704","0"
"250","5","GO Biological Process","","Regulation of protein secretion","0.0183","SOX4|IL1B|RSAD2|IL6|UCP2","1074","1316|1292|1298|1334|1343","1.1E-4","","GO:0050708","0.17375489102695704","0"
"91","3","KEGG Pathways","","IL-17 signaling pathway","0.0187","IL1B|MMP9|IL6","1074","1292|1319|1334","7.2E-4","","hsa04657","0.1728158393463501","0"
"94","3","KEGG Pathways","","Endocrine resistance","0.019","MMP2|MMP9|CYP2D6","1074","1310|1319|1289","7.9E-4","","hsa01522","0.1721246399047171","0"
"601","7","GO Biological Process","","Regulation of leukocyte activation","0.0198","SOX4|RAC2|IL1B|LRRK2|FGR|ANXA1|IL6","1074","1316|1340|1292|1265|1283|1280|1334","1.2E-4","","GO:0002694","0.17033348097384687","0"
"67","3","WikiPathways","","Folate metabolism","0.0198","IL1B|ALB|IL6","1074","1292|1328|1334","3.0E-4","","WP176","0.17033348097384687","0"
"1321","10","GO Biological Process","","Immune response","0.0203","GZMB|S1PR4|IL1B|IFIT3|FGR|ANXA1|CYBB|RSAD2|IL6|CASP1","1074","1277|1361|1292|1325|1283|1280|1346|1298|1334|1355","1.2E-4","","GO:0006955","0.1692503962086787","0"
"7","2","GO Biological Process","","Vascular endothelial growth factor production","0.0203","IL1B|IL6","1074","1292|1334","1.2E-4","","GO:0010573","0.1692503962086787","0"
"7","2","GO Biological Process","","Positive regulation of prostaglandin biosynthetic process","0.0203","IL1B|ANXA1","1074","1292|1280","1.2E-4","","GO:0031394","0.1692503962086787","0"
"7","2","GO Biological Process","","Hydrocarbon metabolic process","0.0203","BCO2|CYP2E1","1074","1307|1262","1.2E-4","","GO:0120252","0.1692503962086787","0"
"1095","9","COMPARTMENTS","","Endoplasmic reticulum","0.0207","ALB|LRRK2|CYBB|RSAD2|IL6|REEP1|LPIN1|CYP2E1|CYP2D6","1074","1328|1265|1346|1298|1334|1295|1301|1262|1289","1.6E-4","","GOCC:0005783","0.16840296545430822","0"
"259","5","COMPARTMENTS","","Extracellular matrix","0.0207","MMP2|IL1B|TGM2|MMP9|IL6","1074","1310|1292|1259|1319|1334","1.3E-4","","GOCC:0031012","0.16840296545430822","0"
"832","8","COMPARTMENTS","","Organelle envelope","0.0207","RAC2|LRRK2|MAOB|RSAD2|LPIN1|CYP2E1|NR4A1|UCP2","1074","1340|1265|1331|1298|1301|1262|1271|1343","1.3E-4","","GOCC:0031967","0.16840296545430822","0"
"6","2","DISEASES","","CINCA Syndrome","0.0208","IL1B|CASP1","1074","1292|1355","9.51E-5","","DOID:0090029","0.16819366650372386","0"
"13","2","WikiPathways","","ncRNAs involved in STAT3 signaling in hepatocellular carcinoma","0.0212","SOX4|IL6","1074","1316|1334","3.5E-4","","WP4337","0.16736641390712487","0"
"73","3","WikiPathways","","Cytosolic DNA-sensing pathway","0.0216","IL1B|IL6|CASP1","1074","1292|1334|1355","3.9E-4","","WP4655","0.1665546248849069","0"
"101","3","KEGG Pathways","","C-type lectin receptor signaling pathway","0.0217","IL1B|IL6|CASP1","1074","1292|1334|1355","9.7E-4","","hsa04625","0.16635402661514703","0"
"46","3","DISEASES","","Cerebrovascular disease","0.022","IL1B|ALB|IL6","1074","1292|1328|1334","1.1E-4","","DOID:6713","0.16575773191777937","0"
"51","3","GO Biological Process","","Regulation of establishment of protein localization to mitochondrion","0.0223","GZMB|RAC2|LRRK2","1074","1277|1340|1265","1.4E-4","","GO:1903747","0.16516951369518393","0"
"9","2","COMPARTMENTS","","Nitric-oxide synthase complex","0.0225","IL1B|IL6","1074","1292|1334","1.9E-4","","GOCC:1903958","0.16478174818886376","0"
"152","4","COMPARTMENTS","","Mitochondrial outer membrane","0.0233","RAC2|LRRK2|MAOB|RSAD2","1074","1340|1265|1331|1298","2.0E-4","","GOCC:0005741","0.1632644078973981","0"
"7","2","DISEASES","","Familial Mediterranean fever","0.0234","IL1B|CASP1","1074","1292|1355","1.2E-4","","DOID:2987","0.1630784142589857","0"
"15","2","WikiPathways","","Fatty acid omega-oxidation","0.0238","CYP2E1|CYP2D6","1074","1262|1289","4.6E-4","","WP206","0.1623423042943488","0"
"15","2","WikiPathways","","COVID-19 adverse outcome pathway","0.0238","IL1B|IL6","1074","1292|1334","4.6E-4","","WP4891","0.1623423042943488","0"
"6784","24","GO Biological Process","","Regulation of metabolic process","0.0244","GZMB|SOX4|S1PR4|RAC2|IL1B|DEPP1|LRRK2|SLIT3|BCO2|NTSR1|MMP9|FGR|ANXA1|HIF3A|MAOB|CYBB|RSAD2|IL6|LPIN1|PERM1|CASP1|NR4A1|CYP2D6|UCP2","1074","1277|1316|1361|1340|1292|1367|1265|1304|1307|1364|1319|1283|1280|1337|1331|1346|1298|1334|1301|1322|1355|1271|1289|1343","1.6E-4","","GO:0019222","0.16126101736612705","0"
"136","4","DISEASES","","Glucose metabolism disease","0.0245","IL1B|ALB|IL6|UCP2","1074","1292|1328|1334|1343","1.3E-4","","DOID:4194","0.16108339156354676","0"
"145","4","GO Biological Process","","Positive regulation of inflammatory response","0.025","IL1B|LRRK2|IL6|CASP1","1074","1292|1265|1334|1355","1.7E-4","","GO:0050729","0.16020599913279623","0"
"144","4","GO Biological Process","","Response to glucocorticoid","0.025","SLIT3|ANXA1|MAOB|IL6","1074","1304|1280|1331|1334","1.7E-4","","GO:0051384","0.16020599913279623","0"
"1103","9","GO Biological Process","","Cellular response to endogenous stimulus","0.025","MMP2|LRRK2|SLIT3|TGM2|ANXA1|CYBB|LPIN1|NR4A1|UCP2","1074","1310|1265|1304|1259|1280|1346|1301|1271|1343","1.6E-4","","GO:0071495","0.16020599913279623","0"
"6403","22","TISSUES","","Endocrine gland","0.025","GZMB|MMP2|SOX4|S1PR4|ACSS2|IL1B|BCL2A1|ALB|DEPP1|SLIT3|BCO2|TGM2|ANXA1|HIF3A|MAOB|CYBB|IL6|REEP1|LPIN1|CASP1|CYP2E1|CYP2D6","1074","1277|1310|1316|1361|1352|1292|1358|1328|1367|1304|1307|1259|1280|1337|1331|1346|1334|1295|1301|1355|1262|1289","6.8E-4","","BTO:0001488","0.16020599913279623","0"
"111","3","KEGG Pathways","","TNF signaling pathway","0.0265","IL1B|MMP9|IL6","1074","1292|1319|1334","0.0013","","hsa04668","0.1576754126063192","0"
"84","3","WikiPathways","","Selenium micronutrient network","0.0265","IL1B|ALB|IL6","1074","1292|1328|1334","5.8E-4","","WP15","0.1576754126063192","0"
"874","8","GO Biological Process","","Positive regulation of immune system process","0.0268","SOX4|RAC2|IL1B|LRRK2|FGR|ANXA1|RSAD2|IL6","1074","1316|1340|1292|1265|1283|1280|1298|1334","1.9E-4","","GO:0002684","0.15718652059712113","0"
"9","2","GO Biological Process","","Positive regulation of T-helper 2 cell cytokine production","0.0268","RSAD2|IL6","1074","1298|1334","1.9E-4","","GO:2000553","0.15718652059712113","0"
"8","2","DISEASES","","Synovitis","0.0269","IL1B|IL6","1074","1292|1334","1.5E-4","","DOID:2703","0.1570247719997592","0"
"27","3","Reactome Pathways","","Pyroptosis","0.0271","GZMB|IL1B|CASP1","1074","1277|1292|1355","2.38E-5","","HSA-5620971","0.15670307091255944","0"
"20","2","TISSUES","","Joint","0.0275","IL1B|IL6","1074","1292|1334","7.7E-4","","BTO:0001686","0.15606673061697374","0"
"1406","10","GO Biological Process","","Homeostatic process","0.0282","SOX4|IL1B|ALB|LRRK2|ACSM1|TGM2|NTSR1|ANXA1|IL6|UCP2","1074","1316|1292|1328|1265|1349|1259|1364|1280|1334|1343","2.0E-4","","GO:0042592","0.15497508916806388","0"
"153","4","GO Biological Process","","Regulation of insulin secretion","0.0283","SOX4|IL1B|IL6|UCP2","1074","1316|1292|1334|1343","2.1E-4","","GO:0050796","0.15482135644757097","0"
"88","3","WikiPathways","","Allograft rejection","0.0285","GZMB|IL1B|LRRK2","1074","1277|1292|1265","6.6E-4","","WP2328","0.15451551399914898","0"
"663","7","GO Biological Process","","Response to bacterium","0.0288","IL1B|FGR|MAOB|IL6|CASP1|CYP2E1|NR4A1","1074","1292|1283|1331|1334|1355|1262|1271","2.1E-4","","GO:0009617","0.15406075122407692","0"
"19","2","WikiPathways","","Extracellular vesicles in the crosstalk of cardiac cells","0.0289","MMP9|IL6","1074","1319|1334","7.0E-4","","WP4300","0.1539102157243452","0"
"19","2","WikiPathways","","LTF danger signal response pathway","0.0289","IL1B|IL6","1074","1292|1334","7.0E-4","","WP4478","0.1539102157243452","0"
"10","2","GO Biological Process","","Hydrogen peroxide biosynthetic process","0.0299","MAOB|CYBB","1074","1331|1346","2.2E-4","","GO:0050665","0.15243288116755704","0"
"263","4","KEGG Pathways","","Prion disease","0.0301","RAC2|IL1B|CYBB|IL6","1074","1340|1292|1346|1334","0.0015","","hsa05020","0.15214335044061567","0"
"486","6","COMPARTMENTS","","Mitochondrial membrane","0.0308","RAC2|LRRK2|MAOB|RSAD2|CYP2E1|UCP2","1074","1340|1265|1331|1298|1262|1343","2.8E-4","","GOCC:0031966","0.15114492834995558","0"
"903","8","GO Biological Process","","Cell migration","0.0308","MMP2|IL1B|LRRK2|CEND1|MMP9|ANXA1|IL6|NR4A1","1074","1310|1292|1265|1274|1319|1280|1334|1271","2.3E-4","","GO:0016477","0.15114492834995558","0"
"21","2","WikiPathways","","Tamoxifen metabolism","0.0314","CYP2E1|CYP2D6","1074","1262|1289","8.4E-4","","WP691","0.15030703519267852","0"
"9","2","DISEASES","","Toxic encephalopathy","0.0317","IL1B|IL6","1074","1292|1334","1.9E-4","","DOID:3602","0.14989407377822486","0"
"62","3","GO Biological Process","","Negative regulation of protein secretion","0.032","IL1B|RSAD2|UCP2","1074","1292|1298|1343","2.4E-4","","GO:0050709","0.1494850021680094","0"
"2021","12","GO Cellular Component","","Endoplasmic reticulum","0.032","RAC2|ALB|LRRK2|TGM2|NTSR1|CYBB|RSAD2|IL6|REEP1|LPIN1|CYP2E1|CYP2D6","1074","1340|1328|1265|1259|1364|1346|1298|1334|1295|1301|1262|1289","2.2E-4","","GO:0005783","0.1494850021680094","0"
"12","2","COMPARTMENTS","","Ferritin complex","0.0321","ALB|IL6","1074","1328|1334","3.1E-4","","GOCC:0070288","0.14934949675951278","0"
"7988","26","GO Biological Process","","Metabolic process","0.0323","GZMB|MMP2|SOX4|RAC2|ACSS2|IL1B|NRGN|DEPP1|LRRK2|ACSM1|BCO2|TGM2|NTSR1|MMP9|FGR|ANXA1|HIF3A|MAOB|CYBB|IL6|LPIN1|CASP1|CYP2E1|NR4A1|CYP2D6|UCP2","1074","1277|1310|1316|1340|1352|1292|1286|1367|1265|1349|1307|1259|1364|1319|1283|1280|1337|1331|1346|1334|1301|1355|1262|1271|1289|1343","2.5E-4","","GO:0008152","0.1490797477668897","0"
"3085","15","GO Biological Process","","Regulation of molecular function","0.0323","S1PR4|RAC2|IL1B|LRRK2|TGM2|NTSR1|MMP9|FGR|ANXA1|IL6|LPIN1|CASP1|NR4A1|ADAP2|CYP2D6","1074","1361|1340|1292|1265|1259|1364|1319|1283|1280|1334|1301|1355|1271|1313|1289","2.5E-4","","GO:0065009","0.1490797477668897","0"
"31","2","KEGG Pathways","","Antifolate resistance","0.0325","IL1B|IL6","1074","1292|1334","0.0017","","hsa01523","0.14881166390211256","0"
"915","8","GO Biological Process","","Positive regulation of transport","0.0326","GZMB|SOX4|RAC2|IL1B|LRRK2|NTSR1|FGR|ANXA1","1074","1277|1316|1340|1292|1265|1364|1283|1280","2.6E-4","","GO:0051050","0.14867823999320612","0"
"22","2","WikiPathways","","Transcription factor regulation in adipogenesis","0.0326","IL6|LPIN1","1074","1334|1301","9.2E-4","","WP3599","0.14867823999320612","0"
"22","2","WikiPathways","","NAD metabolism in oncogene-induced senescence and mitochondrial dysfunction-associated senescence","0.0326","IL1B|IL6","1074","1292|1334","9.2E-4","","WP5046","0.14867823999320612","0"
"706","8","Reactome Pathways","","Cytokine Signaling in Immune system","0.0327","MMP2|IL1B|IFIT3|MMP9|ANXA1|RSAD2|IL6|CASP1","1074","1310|1292|1325|1319|1280|1298|1334|1355","4.29E-5","","HSA-1280215","0.14854522473397141","0"
"215","5","Reactome Pathways","","Biological oxidations","0.0327","ACSS2|ACSM1|MAOB|CYP2E1|CYP2D6","1074","1352|1349|1331|1262|1289","5.36E-5","","HSA-211859","0.14854522473397141","0"
"105","4","Reactome Pathways","","Phase I - Functionalization of compounds","0.0327","ACSS2|MAOB|CYP2E1|CYP2D6","1074","1352|1331|1262|1289","5.05E-5","","HSA-211945","0.14854522473397141","0"
"6","2","Reactome Pathways","","Biosynthesis of maresin-like SPMs","0.0327","CYP2E1|CYP2D6","1074","1262|1289","9.51E-5","","HSA-9027307","0.14854522473397141","0"
"42","3","Reactome Pathways","","Aspirin ADME","0.0327","ALB|CYP2E1|CYP2D6","1074","1328|1262|1289","8.15E-5","","HSA-9749641","0.14854522473397141","0"
"5117","20","GO Biological Process","","Anatomical structure development","0.0331","MMP2|SOX4|RAC2|IL1B|NRGN|LRRK2|CEND1|SLIT3|TGM2|MMP9|FGR|ANXA1|HIF3A|MAOB|RSAD2|IL6|LPIN1|NR4A1|ADAP2|UCP2","1074","1310|1316|1340|1292|1286|1265|1274|1304|1259|1319|1283|1280|1337|1331|1298|1334|1301|1271|1313|1343","2.6E-4","","GO:0048856","0.14801720062242812","0"
"11","2","GO Biological Process","","Leukocyte aggregation","0.0331","RAC2|IL1B","1074","1340|1292","2.6E-4","","GO:0070486","0.14801720062242812","0"
"11","2","GO Biological Process","","Cellular response to UV-A","0.0331","MMP2|MMP9","1074","1310|1319","2.6E-4","","GO:0071492","0.14801720062242812","0"
"58","3","DISEASES","","Inflammatory bowel disease","0.0332","IL1B|LRRK2|IL6","1074","1292|1265|1334","2.0E-4","","DOID:0050589","0.14788619162959638","0"
"4714","19","GO Biological Process","","Signal transduction","0.0352","GZMB|MMP2|S1PR4|RAC2|IL1B|BCL2A1|NRGN|LRRK2|SLIT3|TGM2|NTSR1|MMP9|FGR|ANXA1|CYBB|IL6|CASP1|NR4A1|ADAP2","1074","1277|1310|1361|1340|1292|1358|1286|1265|1304|1259|1364|1319|1283|1280|1346|1334|1355|1271|1313","2.8E-4","","GO:0007165","0.1453457336521869","0"
"167","4","GO Biological Process","","Positive regulation of leukocyte proliferation","0.0352","RAC2|IL1B|ANXA1|IL6","1074","1340|1292|1280|1334","2.9E-4","","GO:0070665","0.1453457336521869","0"
"24","2","WikiPathways","","IL1 and megakaryocytes in obesity","0.0352","IL1B|MMP9","1074","1292|1319","0.0011","","WP2865","0.1453457336521869","0"
"245","4","WikiPathways","","MAPK signaling pathway","0.0352","RAC2|IL1B|LRRK2|NR4A1","1074","1340|1292|1265|1271","0.0012","","WP382","0.1453457336521869","0"
"428","5","WikiPathways","","VEGFA-VEGFR2 signaling","0.0352","MMP2|ALB|ANXA1|CYBB|NR4A1","1074","1310|1328|1280|1346|1271","0.0012","","WP3888","0.1453457336521869","0"
"24","2","WikiPathways","","Unfolded protein response","0.0352","IL1B|CASP1","1074","1292|1355","0.0011","","WP4925","0.1453457336521869","0"
"434","5","WikiPathways","","Malignant pleural mesothelioma","0.0352","MMP2|IL1B|MMP9|IL6|CASP1","1074","1310|1292|1319|1334|1355","0.0013","","WP5087","0.1453457336521869","0"
"24","2","WikiPathways","","LDL- influence on CD14 and TLR4","0.0352","IL1B|IL6","1074","1292|1334","0.0011","","WP5272","0.1453457336521869","0"
"26","2","WikiPathways","","Cytokines and inflammatory response","0.0352","IL1B|IL6","1074","1292|1334","0.0013","","WP530","0.1453457336521869","0"
"114","3","WikiPathways","","CKAP4 signaling pathway map","0.0352","MMP9|IL6|CASP1","1074","1319|1334|1355","0.0014","","WP5322","0.1453457336521869","0"
"10","2","DISEASES","","Adult respiratory distress syndrome","0.0353","IL1B|IL6","1074","1292|1334","2.2E-4","","DOID:11394","0.14522252946121775","0"
"675","7","DISEASES","","Immune system disease","0.0353","S1PR4|RAC2|IL1B|TGM2|CYBB|IL6|CASP1","1074","1361|1340|1292|1259|1346|1334|1355","2.4E-4","","DOID:2914","0.14522252946121775","0"
"470","6","DISEASES","","Primary immunodeficiency disease","0.0353","RAC2|IL1B|TGM2|CYBB|IL6|CASP1","1074","1340|1292|1259|1346|1334|1355","2.3E-4","","DOID:612","0.14522252946121775","0"
"10","2","DISEASES","","Periodontitis","0.0353","IL1B|IL6","1074","1292|1334","2.2E-4","","DOID:824","0.14522252946121775","0"
"11","2","DISEASES","","Pericardium disease","0.0367","IL1B|ALB","1074","1292|1328","2.6E-4","","DOID:0050829","0.14353339357479106","0"
"11","2","DISEASES","","Myocarditis","0.0367","IL1B|IL6","1074","1292|1334","2.6E-4","","DOID:820","0.14353339357479106","0"
"170","4","GO Biological Process","","Female pregnancy","0.037","MMP2|IL1B|MMP9|UCP2","1074","1310|1292|1319|1343","3.1E-4","","GO:0007565","0.1431798275933005","0"
"171","4","GO Biological Process","","T cell differentiation","0.037","SOX4|ANXA1|RSAD2|IL6","1074","1316|1280|1298|1334","3.1E-4","","GO:0030217","0.1431798275933005","0"
"67","3","GO Biological Process","","Animal organ regeneration","0.037","IL6|LPIN1|UCP2","1074","1334|1301|1343","3.0E-4","","GO:0031100","0.1431798275933005","0"
"314","5","GO Biological Process","","Response to lipopolysaccharide","0.037","IL1B|MAOB|IL6|CASP1|NR4A1","1074","1292|1331|1334|1355|1271","3.0E-4","","GO:0032496","0.1431798275933005","0"
"945","8","GO Biological Process","","Positive regulation of cell population proliferation","0.0371","MMP2|SOX4|RAC2|IL1B|MMP9|ANXA1|IL6|NR4A1","1074","1310|1316|1340|1292|1319|1280|1334|1271","3.2E-4","","GO:0008284","0.1430626090384954","0"
"68","3","GO Biological Process","","Response to activity","0.0371","MMP2|IL6|PERM1","1074","1310|1334|1322","3.2E-4","","GO:0014823","0.1430626090384954","0"
"317","5","GO Biological Process","","Cellular response to external stimulus","0.0371","IL1B|ALB|LRRK2|CASP1|UCP2","1074","1292|1328|1265|1355|1343","3.2E-4","","GO:0071496","0.1430626090384954","0"
"173","4","GO Biological Process","","Phagocytosis","0.0372","RAC2|TGM2|FGR|ANXA1","1074","1340|1259|1283|1280","3.3E-4","","GO:0006909","0.14294570601181025","0"
"502","6","GO Biological Process","","Monocarboxylic acid metabolic process","0.0376","ACSS2|ACSM1|BCO2|LPIN1|CYP2E1|CYP2D6","1074","1352|1349|1307|1301|1262|1289","3.3E-4","","GO:0032787","0.1424812155072339","0"
"524","6","COMPARTMENTS","","Extracellular organelle","0.0381","RAC2|ALB|LRRK2|TGM2|MMP9|ANXA1","1074","1340|1328|1265|1259|1319|1280","4.2E-4","","GOCC:0043230","0.14190750243243805","0"
"15","2","COMPARTMENTS","","interleukin-23 complex","0.0381","IL1B|IL6","1074","1292|1334","4.6E-4","","GOCC:0070743","0.14190750243243805","0"
"14","2","COMPARTMENTS","","NLRP3 inflammasome complex","0.0381","IL1B|CASP1","1074","1292|1355","4.0E-4","","GOCC:0072559","0.14190750243243805","0"
"14","2","COMPARTMENTS","","Protease inhibitor complex","0.0381","ALB|CASP1","1074","1328|1355","4.0E-4","","GOCC:0097179","0.14190750243243805","0"
"2121","12","GO Biological Process","","Immune system process","0.0384","GZMB|SOX4|S1PR4|IL1B|IFIT3|MMP9|FGR|ANXA1|CYBB|RSAD2|IL6|CASP1","1074","1277|1316|1361|1292|1325|1319|1283|1280|1346|1298|1334|1355","3.4E-4","","GO:0002376","0.14156687756324693","0"
"70","3","GO Biological Process","","Alpha-beta T cell differentiation","0.0384","ANXA1|RSAD2|IL6","1074","1280|1298|1334","3.4E-4","","GO:0046632","0.14156687756324693","0"
"12385","33","GO Biological Process","","Biological regulation","0.0385","GZMB|MMP2|SOX4|S1PR4|RAC2|IL1B|BCL2A1|NRGN|ALB|DEPP1|LRRK2|ACSM1|CEND1|SLIT3|BCO2|TGM2|NTSR1|IFIT3|MMP9|FGR|ANXA1|HIF3A|MAOB|CYBB|RSAD2|IL6|LPIN1|PERM1|CASP1|NR4A1|ADAP2|CYP2D6|UCP2","1074","1277|1310|1316|1361|1340|1292|1358|1286|1328|1367|1265|1349|1274|1304|1307|1259|1364|1325|1319|1283|1280|1337|1331|1346|1298|1334|1301|1322|1355|1271|1313|1289|1343","3.5E-4","","GO:0065007","0.14145392704914994","0"
"964","8","GO Biological Process","","Regulation of response to external stimulus","0.0388","RAC2|IL1B|LRRK2|MMP9|FGR|ANXA1|IL6|CASP1","1074","1340|1292|1265|1319|1283|1280|1334|1355","3.6E-4","","GO:0032101","0.14111682744057927","0"
"508","6","GO Biological Process","","Regulation of lymphocyte activation","0.0388","SOX4|RAC2|IL1B|FGR|ANXA1|IL6","1074","1316|1340|1292|1283|1280|1334","3.5E-4","","GO:0051249","0.14111682744057927","0"
"71","3","GO Biological Process","","Regulation of mitochondrial membrane potential","0.0388","LRRK2|BCO2|UCP2","1074","1265|1307|1343","3.6E-4","","GO:0051881","0.14111682744057927","0"
"16","2","COMPARTMENTS","","NADPH oxidase complex","0.0394","RAC2|CYBB","1074","1340|1346","5.1E-4","","GOCC:0043020","0.14045037781744257","0"
"198","4","COMPARTMENTS","","Collagen-containing extracellular matrix","0.0394","MMP2|IL1B|MMP9|IL6","1074","1310|1292|1319|1334","5.4E-4","","GOCC:0062023","0.14045037781744257","0"
"197","4","COMPARTMENTS","","Oxidoreductase complex","0.0394","RAC2|IL1B|CYBB|IL6","1074","1340|1292|1346|1334","5.3E-4","","GOCC:1990204","0.14045037781744257","0"
"179","4","GO Biological Process","","Regulation of adaptive immune response based on somatic recombination of immune receptors built from immunoglobulin superfamily domains","0.0394","IL1B|ANXA1|RSAD2|IL6","1074","1292|1280|1298|1334","3.7E-4","","GO:0002822","0.14045037781744257","0"
"30","2","WikiPathways","","Matrix metalloproteinases","0.04","MMP2|MMP9","1074","1310|1319","0.0016","","WP129","0.13979400086720375","0"
"12","2","DISEASES","","Brain ischemia","0.0403","IL1B|IL6","1074","1292|1334","3.1E-4","","DOID:2316","0.13946949538588904","0"
"12","2","DISEASES","","Meningitis","0.0403","IL1B|IL6","1074","1292|1334","3.1E-4","","DOID:9471","0.13946949538588904","0"
"516","6","GO Biological Process","","Chemotaxis","0.0405","RAC2|IL1B|SLIT3|ANXA1|IL6|NR4A1","1074","1340|1292|1304|1280|1334|1271","3.9E-4","","GO:0006935","0.13925449767853315","0"
"181","4","GO Biological Process","","Cellular response to xenobiotic stimulus","0.0405","IL1B|ACSM1|CYP2E1|CYP2D6","1074","1292|1349|1262|1289","3.9E-4","","GO:0071466","0.13925449767853315","0"
"36","2","KEGG Pathways","","African trypanosomiasis","0.0407","IL1B|IL6","1074","1292|1334","0.0023","","hsa05143","0.13904055907747798","0"
"32","2","WikiPathways","","Development and heterogeneity of the ILC family","0.0412","IL1B|IL6","1074","1292|1334","0.0018","","WP3893","0.13851027839668656","0"
"31","2","WikiPathways","","Ethanol effects on histone modifications","0.0412","ACSS2|CYP2E1","1074","1352|1262","0.0017","","WP3996","0.13851027839668656","0"
"126","3","WikiPathways","","Overview of proinflammatory and profibrotic mediators","0.0412","IL1B|MMP9|IL6","1074","1292|1319|1334","0.0018","","WP5095","0.13851027839668656","0"
"31","2","WikiPathways","","Antiviral and anti-inflammatory effects of Nrf2 on SARS-CoV-2 pathway","0.0412","IL1B|IL6","1074","1292|1334","0.0017","","WP5113","0.13851027839668656","0"
"33","2","WikiPathways","","Signal transduction through IL1R","0.0413","IL1B|IL6","1074","1292|1334","0.002","","WP4496","0.1384049948343599","0"
"34","2","WikiPathways","","CCL18 signaling pathway","0.0425","MMP2|MMP9","1074","1310|1319","0.0021","","WP5097","0.13716110699496883","0"
"72","3","DISEASES","","Allergic disease","0.0428","S1PR4|IL1B|TGM2","1074","1361|1292|1259","3.7E-4","","DOID:1205","0.1368556230986828","0"
"13","2","DISEASES","","Encephalomyelitis","0.0428","IL1B|IL6","1074","1292|1334","3.5E-4","","DOID:640","0.1368556230986828","0"
"178","4","DISEASES","","Lung disease","0.0428","IL1B|ALB|CYBB|IL6","1074","1292|1328|1346|1334","3.6E-4","","DOID:850","0.1368556230986828","0"
"13","2","DISEASES","","Degenerative disc disease","0.0428","MMP2|MMP9","1074","1310|1319","3.5E-4","","DOID:90","0.1368556230986828","0"
"38","2","KEGG Pathways","","Type I diabetes mellitus","0.0428","GZMB|IL1B","1074","1277|1292","0.0026","","hsa04940","0.1368556230986828","0"
"147","3","KEGG Pathways","","Necroptosis","0.0434","IL1B|CYBB|CASP1","1074","1292|1346|1355","0.0028","","hsa04217","0.13625102704874892","0"
"146","3","KEGG Pathways","","Non-alcoholic fatty liver disease","0.0434","IL1B|IL6|CYP2E1","1074","1292|1334|1262","0.0027","","hsa04932","0.13625102704874892","0"
"40","2","KEGG Pathways","","Bladder cancer","0.0434","MMP2|MMP9","1074","1310|1319","0.0028","","hsa05219","0.13625102704874892","0"
"187","4","GO Biological Process","","Regulation of T cell proliferation","0.044","RAC2|IL1B|ANXA1|IL6","1074","1340|1292|1280|1334","4.4E-4","","GO:0042129","0.13565473235138126","0"
"14","2","DISEASES","","Hyperglycemia","0.0442","ALB|IL6","1074","1328|1334","4.0E-4","","DOID:4195","0.13545777306509083","0"
"754","7","GO Biological Process","","Innate immune response","0.0455","GZMB|IFIT3|FGR|ANXA1|CYBB|RSAD2|CASP1","1074","1277|1325|1283|1280|1346|1298|1355","4.6E-4","","GO:0045087","0.13419886033428877","0"
"9","2","Reactome Pathways","","Interleukin-1 processing","0.0472","IL1B|CASP1","1074","1292|1355","1.9E-4","","HSA-448706","0.13260580013659123","0"
"453","6","Reactome Pathways","","Signaling by Interleukins","0.0472","MMP2|IL1B|MMP9|ANXA1|IL6|CASP1","1074","1310|1292|1319|1280|1334|1355","1.9E-4","","HSA-449147","0.13260580013659123","0"
"37","2","WikiPathways","","miRNA role in immune response in sepsis","0.0486","GZMB|IL6","1074","1277|1334","0.0024","","WP4329","0.13133637307377066","0"
"37","2","WikiPathways","","Type II interferon signaling","0.0486","IL1B|CYBB","1074","1292|1346","0.0024","","WP619","0.13133637307377066","0"
"16","2","GO Biological Process","","Neutrophil homeostasis","0.0491","ANXA1|IL6","1074","1280|1334","5.1E-4","","GO:0001780","0.13089185078770316","0"
"356","5","GO Biological Process","","Response to virus","0.0495","IFIT3|FGR|RSAD2|IL6|CASP1","1074","1325|1283|1298|1334|1355","5.4E-4","","GO:0009615","0.13053948010664312","0"
"2229","12","GO Biological Process","","Anatomical structure morphogenesis","0.0495","MMP2|SOX4|RAC2|LRRK2|CEND1|SLIT3|TGM2|MMP9|FGR|HIF3A|IL6|NR4A1","1074","1310|1316|1340|1265|1274|1304|1259|1319|1283|1337|1334|1271","5.4E-4","","GO:0009653","0.13053948010664312","0"
"1290","9","GO Biological Process","","Neurogenesis","0.0495","MMP2|SOX4|RAC2|IL1B|LRRK2|CEND1|SLIT3|ANXA1|IL6","1074","1310|1316|1340|1292|1265|1274|1304|1280|1334","5.2E-4","","GO:0022008","0.13053948010664312","0"
"355","5","GO Biological Process","","Response to peptide hormone","0.0495","ANXA1|CYBB|LPIN1|NR4A1|UCP2","1074","1280|1346|1301|1271|1343","5.3E-4","","GO:0043434","0.13053948010664312","0"
"1587","10","GO Biological Process","","Positive regulation of molecular function","0.0495","S1PR4|IL1B|LRRK2|TGM2|NTSR1|MMP9|FGR|IL6|CASP1|ADAP2","1074","1361|1292|1265|1259|1364|1319|1283|1334|1355|1313","5.4E-4","","GO:0044093","0.13053948010664312","0"
"354","5","GO Biological Process","","Negative regulation of hydrolase activity","0.0495","LRRK2|MMP9|ANXA1|LPIN1|NR4A1","1074","1265|1319|1280|1301|1271","5.2E-4","","GO:0051346","0.13053948010664312","0"
"551","6","GO Biological Process","","Regulation of vesicle-mediated transport","0.0495","RAC2|IL1B|LRRK2|TGM2|FGR|ANXA1","1074","1340|1292|1265|1259|1283|1280","5.4E-4","","GO:0060627","0.13053948010664312","0"
